[
  {
    "jid": "6285926370362@s.whatsapp.net",
    "db": [
      {
        "nama": "#menu",
        "count": 2
      }
    ]
  },
  {
    "jid": "6285939381035@s.whatsapp.net",
    "db": [
      {
        "nama": "#sticker",
        "count": 1
      },
      {
        "nama": "#speed",
        "count": 2
      },
      {
        "nama": "#infobot",
        "count": 2
      },
      {
        "nama": "#menu",
        "count": 2
      },
      {
        "nama": "#waifu",
        "count": 2
      },
      {
        "nama": "#cogan",
        "count": 1
      },
      {
        "nama": "#cecan",
        "count": 1
      },
      {
        "nama": "#fitnah",
        "count": 2
      }
    ]
  }
]