[{"id":"6285926370362@s.whatsapp.net","healt":100},{"id":"6285926370362@s.whatsapp.net","healt":100},{"id":"6285926370362@s.whatsapp.net","healt":100},{"id":"6285926370362@s.whatsapp.net","healt":100},{"id":"6285926370362@s.whatsapp.net","healt":100},{"id":"6285926370362@s.whatsapp.net","healt":100},{"id":"6285926370362@s.whatsapp.net","healt":100},{"id":"6285939381035@s.whatsapp.net","healt":100},{"id":"6285926370362@s.whatsapp.net","healt":100},{"id":"6285939381035@s.whatsapp.net","healt":100},{"id":"62895800390347@s.whatsapp.net","healt":100},{"id":"62859183898338@s.whatsapp.net","healt":100},{"id":"62895422578391@s.whatsapp.net","healt":100}]