[{"id":"6285926370362@s.whatsapp.net","xp":1,"level":1},{"id":"6285926370362@s.whatsapp.net","xp":1,"level":1},{"id":"6285926370362@s.whatsapp.net","xp":1,"level":1},{"id":"6285926370362@s.whatsapp.net","xp":1,"level":1},{"id":"6285926370362@s.whatsapp.net","xp":1,"level":1},{"id":"6285926370362@s.whatsapp.net","xp":1,"level":1},{"id":"6285926370362@s.whatsapp.net","xp":1,"level":1},{"id":"6285939381035@s.whatsapp.net","xp":1,"level":1},{"id":"6285926370362@s.whatsapp.net","xp":1,"level":1},{"id":"6285939381035@s.whatsapp.net","xp":1,"level":1},{"id":"62895800390347@s.whatsapp.net","xp":1,"level":1},{"id":"62859183898338@s.whatsapp.net","xp":1,"level":1},{"id":"62895422578391@s.whatsapp.net","xp":1,"level":1}]